{
    "0": {
        "precision": 0.8514301772074289,
        "recall": 0.9800050967400467,
        "f1-score": 0.9112043707480668,
        "support": 102026.0
    },
    "1": {
        "precision": 0.8992144656884541,
        "recall": 0.5105756283662477,
        "f1-score": 0.6513267369249763,
        "support": 35648.0
    },
    "accuracy": 0.8584554817903163,
    "macro avg": {
        "precision": 0.8753223214479415,
        "recall": 0.7452903625531472,
        "f1-score": 0.7812655538365216,
        "support": 137674.0
    },
    "weighted avg": {
        "precision": 0.8638029877291802,
        "recall": 0.8584554817903163,
        "f1-score": 0.8439141206607189,
        "support": 137674.0
    }
}