{
    "0": {
        "precision": 0.8631462633482678,
        "recall": 0.9800050967400467,
        "f1-score": 0.9178711587450944,
        "support": 102026.0
    },
    "1": {
        "precision": 0.9065720174032517,
        "recall": 0.5552906193895871,
        "f1-score": 0.6887253622810222,
        "support": 35648.0
    },
    "accuracy": 0.8700335575344654,
    "macro avg": {
        "precision": 0.8848591403757597,
        "recall": 0.767647858064817,
        "f1-score": 0.8032982605130583,
        "support": 137674.0
    },
    "weighted avg": {
        "precision": 0.8743905162976414,
        "recall": 0.8700335575344654,
        "f1-score": 0.8585383191940444,
        "support": 137674.0
    }
}