{
    "0": {
        "precision": 0.8589493578454533,
        "recall": 0.9800050967400467,
        "f1-score": 0.9154927643054328,
        "support": 102026.0
    },
    "1": {
        "precision": 0.9040857586158259,
        "recall": 0.5394131508078994,
        "f1-score": 0.67568564752183,
        "support": 35648.0
    },
    "accuracy": 0.8659223963856647,
    "macro avg": {
        "precision": 0.8815175582306396,
        "recall": 0.759709123773973,
        "f1-score": 0.7955892059136314,
        "support": 137674.0
    },
    "weighted avg": {
        "precision": 0.8706365494332785,
        "recall": 0.8659223963856647,
        "f1-score": 0.8533993835719473,
        "support": 137674.0
    }
}