{
    "0": {
        "precision": 0.861331977981272,
        "recall": 0.9800050967400467,
        "f1-score": 0.9168443301285137,
        "support": 102026.0
    },
    "1": {
        "precision": 0.905516187300264,
        "recall": 0.5484459156193896,
        "f1-score": 0.6831356243120948,
        "support": 35648.0
    },
    "accuracy": 0.86826125484841,
    "macro avg": {
        "precision": 0.883424082640768,
        "recall": 0.7642255061797181,
        "f1-score": 0.7999899772203043,
        "support": 137674.0
    },
    "weighted avg": {
        "precision": 0.8727726181442906,
        "recall": 0.86826125484841,
        "f1-score": 0.8563300140997524,
        "support": 137674.0
    }
}