{
    "0": {
        "precision": 0.8615175171035172,
        "recall": 0.9800050967400467,
        "f1-score": 0.9169494323288274,
        "support": 102026.0
    },
    "1": {
        "precision": 0.9056254626202813,
        "recall": 0.5491472172351886,
        "f1-score": 0.6837105336686226,
        "support": 35648.0
    },
    "accuracy": 0.8684428432383747,
    "macro avg": {
        "precision": 0.8835714898618993,
        "recall": 0.7645761569876176,
        "f1-score": 0.8003299829987249,
        "support": 137674.0
    },
    "weighted avg": {
        "precision": 0.8729384102407951,
        "recall": 0.8684428432383747,
        "f1-score": 0.8565567637099235,
        "support": 137674.0
    }
}