{
    "0": {
        "precision": 0.8641160151760019,
        "recall": 0.9800050967400467,
        "f1-score": 0.9184191792775622,
        "support": 102026.0
    },
    "1": {
        "precision": 0.9071249715456408,
        "recall": 0.5589373877917415,
        "f1-score": 0.6916841685036363,
        "support": 35648.0
    },
    "accuracy": 0.870977817162282,
    "macro avg": {
        "precision": 0.8856204933608214,
        "recall": 0.769471242265894,
        "f1-score": 0.8050516738905993,
        "support": 137674.0
    },
    "weighted avg": {
        "precision": 0.875252346485217,
        "recall": 0.870977817162282,
        "f1-score": 0.8597105657116826,
        "support": 137674.0
    }
}