{
    "0": {
        "precision": 0.866416607865711,
        "recall": 0.9800050407460305,
        "f1-score": 0.9197169495200362,
        "support": 23806.0
    },
    "1": {
        "precision": 0.90840869732538,
        "recall": 0.5675643183457562,
        "f1-score": 0.6986311505734369,
        "support": 8318.0
    },
    "accuracy": 0.8732100610135725,
    "macro avg": {
        "precision": 0.8874126525955455,
        "recall": 0.7737846795458934,
        "f1-score": 0.8091740500467366,
        "support": 32124.0
    },
    "weighted avg": {
        "precision": 0.8772897930271332,
        "recall": 0.8732100610135725,
        "f1-score": 0.8624702904602114,
        "support": 32124.0
    }
}